"Team_name","player_name","position","targets","rz_targets","target_share","rz_target_share","completions","rz_completions","rec_yards","rz_rec_yards","rush_attempts","rz_rush_attempts","rush_share","rz_rush_share","rush_yards","rz_rush_yards","rz_tds","non_rz_tds"
"ARI","T.Allgeier","RB",2,1,0.054,0.143,2,1,9,4,17,3,0.548,0.5,61,2,0,0
"ARI","J.Love","RB",4,1,0.108,0.143,2,0,9,0,11,3,0.355,0.5,41,8,1,0
"ARI","T.McBride","TE",13,4,0.351,0.571,9,1,95,3,0,0,0,0,0,0,1,0
"ARI","K.Bourne","WR",8,1,0.216,0.143,8,1,75,11,0,0,0,0,0,0,0,0
"ARI","Mi.Wilson","WR",7,0,0.189,0,5,0,56,0,0,0,0,0,0,0,0,0
"ARI","M.Harrison","WR",3,0,0.081,0,1,0,33,0,0,0,0,0,0,0,0,0
"ARI","J.Brissett","QB",0,0,0,0,0,0,0,0,3,0,0.097,0,17,0,0,0
"ATL","Bi.Robinson","RB",10,0,0.526,NA,8,0,90,0,21,0,0.677,NA,83,0,0,1
"ATL","Br.Robinson","RB",0,0,0,NA,0,0,0,0,9,0,0.29,NA,31,0,0,0
"ATL","D.London","WR",4,0,0.211,NA,2,0,29,0,1,0,0.032,NA,6,0,0,0
"ATL","J.Dotson","WR",3,0,0.158,NA,1,0,19,0,0,0,0,NA,0,0,0,0
"ATL","O.Zaccheaus","WR",1,0,0.053,NA,1,0,5,0,0,0,0,NA,0,0,0,0
"ATL","K.Pitts","TE",1,0,0.053,NA,0,0,0,0,0,0,0,NA,0,0,0,0
"BAL","D.Henry","RB",1,0,0.042,0,1,0,19,0,24,6,0.706,0.857,144,27,2,1
"BAL","J.Hill","RB",1,0,0.042,0,1,0,10,0,6,0,0.176,0,18,0,0,0
"BAL","M.Andrews","TE",6,1,0.25,0.25,4,0,49,0,0,0,0,0,0,0,0,0
"BAL","Z.Flowers","WR",6,0,0.25,0,5,0,150,0,0,0,0,0,0,0,0,1
"BAL","L.Jackson","QB",0,0,0,0,0,0,0,0,4,1,0.118,0.143,43,5,1,0
"BAL","J.Lane","WR",3,2,0.125,0.5,1,1,11,11,0,0,0,0,0,0,0,0
"BAL","C.Moore","WR",2,0,0.083,0,1,0,53,0,0,0,0,0,0,0,0,0
"BAL","L.Wester","WR",2,0,0.083,0,2,0,15,0,0,0,0,0,0,0,0,0
"BAL","D.Smythe","TE",1,1,0.042,0.25,1,1,4,4,0,0,0,0,0,0,0,0
"BAL","R.Bateman","WR",1,0,0.042,0,0,0,0,0,0,0,0,0,0,0,0,0
"BAL","M.Hibner","TE",1,0,0.042,0,1,0,13,0,0,0,0,0,0,0,0,0
"BUF","J.Cook","RB",4,1,0.138,0.2,3,1,12,3,13,2,0.65,0.667,57,6,0,0
"BUF","D.Moore","WR",8,0,0.276,0,5,0,100,0,0,0,0,0,0,0,0,1
"BUF","K.Shakir","WR",6,3,0.207,0.6,4,1,40,2,0,0,0,0,0,0,0,0
"BUF","D.Kincaid","TE",6,0,0.207,0,5,0,130,0,0,0,0,0,0,0,0,0
"BUF","J.Allen","QB",0,0,0,0,0,0,0,0,5,1,0.25,0.333,24,1,1,1
"BUF","J.Palmer","WR",2,0,0.069,0,1,0,34,0,0,0,0,0,0,0,0,1
"BUF","K.Coleman","WR",2,1,0.069,0.2,1,0,11,0,0,0,0,0,0,0,0,0
"BUF","D.Knox","TE",1,0,0.034,0,1,0,7,0,0,0,0,0,0,0,0,0
"BUF","F.Gore","RB",0,0,0,0,0,0,0,0,1,0,0.05,0,3,0,0,0
"BUF","R.Davis","RB",0,0,0,0,0,0,0,0,1,0,0.05,0,3,0,0,0
"CAR","C.Hubbard","RB",3,1,0.088,0.2,3,1,38,4,10,3,0.455,0.6,49,11,2,0
"CAR","J.Coker","WR",9,1,0.265,0.2,8,1,138,8,0,0,0,0,0,0,1,1
"CAR","T.McMillan","WR",8,1,0.235,0.2,5,1,75,18,0,0,0,0,0,0,0,0
"CAR","J.Brooks","RB",2,0,0.059,0,1,0,48,0,4,0,0.182,0,14,0,0,0
"CAR","T.Tremble","TE",5,0,0.147,0,3,0,25,0,0,0,0,0,0,0,0,0
"CAR","A.Dillon","RB",0,0,0,0,0,0,0,0,5,0,0.227,0,28,0,0,0
"CAR","D.Waller","TE",2,0,0.059,0,2,0,28,0,0,0,0,0,0,0,0,0
"CAR","X.Legette","WR",2,0,0.059,0,0,0,0,0,0,0,0,0,0,0,0,0
"CAR","M.Evans","TE",2,2,0.059,0.4,1,1,9,9,0,0,0,0,0,0,0,0
"CAR","B.Young","QB",0,0,0,0,0,0,0,0,2,2,0.091,0.4,10,10,1,0
"CAR","Ji.Horn","WR",1,0,0.029,0,0,0,0,0,0,0,0,0,0,0,0,0
"CAR","K.Pickett","QB",0,0,0,0,0,0,0,0,1,0,0.045,0,24,0,0,0
"CHI","D.Swift","RB",1,0,0.038,0,1,0,10,0,18,6,0.462,0.6,124,22,2,1
"CHI","K.Monangai","RB",2,0,0.077,0,2,0,24,0,10,1,0.256,0.1,100,-1,0,1
"CHI","C.Williams","QB",0,0,0,0,0,0,0,0,10,3,0.256,0.3,65,15,1,1
"CHI","K.Raymond","WR",9,1,0.346,0.333,8,1,84,7,0,0,0,0,0,0,0,0
"CHI","L.Burden","WR",5,0,0.192,0,5,0,63,0,1,0,0.026,0,2,0,0,0
"CHI","C.Kmet","TE",3,0,0.115,0,2,0,35,0,0,0,0,0,0,0,0,1
"CHI","R.Odunze","WR",3,0,0.115,0,2,0,52,0,0,0,0,0,0,0,0,0
"CHI","C.Loveland","TE",2,1,0.077,0.333,0,0,0,0,0,0,0,0,0,0,0,0
"CHI","J.Walker","WR",1,1,0.038,0.333,1,1,1,1,0,0,0,0,0,0,1,0
"CIN","C.Brown","RB",6,1,0.176,0.167,5,1,22,3,16,5,0.615,0.556,56,18,1,0
"CIN","S.Perine","RB",3,0,0.088,0,3,0,30,0,5,1,0.192,0.111,20,3,0,0
"CIN","M.Gesicki","TE",7,2,0.206,0.333,5,1,78,2,0,0,0,0,0,0,1,0
"CIN","T.Higgins","WR",6,0,0.176,0,3,0,59,0,0,0,0,0,0,0,0,0
"CIN","J.Chase","WR",4,1,0.118,0.167,2,0,12,0,0,0,0,0,0,0,0,0
"CIN","J.Burrow","QB",0,0,0,0,0,0,0,0,4,3,0.154,0.333,21,19,0,0
"CIN","D.Sample","TE",3,1,0.088,0.167,3,1,19,11,0,0,0,0,0,0,0,0
"CIN","A.Iosivas","WR",3,1,0.088,0.167,2,1,12,0,0,0,0,0,0,0,0,0
"CIN","D.Meyers","WR",1,0,0.029,0,1,0,18,0,1,0,0.038,0,10,0,0,0
"CIN","T.Hudson","TE",1,0,0.029,0,1,0,4,0,0,0,0,0,0,0,0,0
"CLE","Q.Judkins","RB",2,0,0.091,0,2,0,17,0,12,2,0.545,0.5,33,5,0,0
"CLE","K.Concepcion","WR",5,0,0.227,0,4,0,43,0,3,0,0.136,0,15,0,0,0
"CLE","D.Watson","QB",0,0,0,0,0,0,0,0,6,2,0.273,0.5,38,15,0,0
"CLE","J.Jeudy","WR",4,0,0.182,0,2,0,26,0,0,0,0,0,0,0,0,0
"CLE","R.Sanders","RB",3,0,0.136,0,3,0,25,0,1,0,0.045,0,1,0,0,0
"CLE","D.Boston","WR",4,1,0.182,1,2,0,59,0,0,0,0,0,0,0,0,1
"CLE","H.Fannin","TE",3,0,0.136,0,2,0,21,0,0,0,0,0,0,0,0,0
"CLE","B.Whiteheart","TE",1,0,0.045,0,1,0,14,0,0,0,0,0,0,0,0,0
"DAL","J.Williams","RB",5,2,0.167,0.4,5,2,31,12,12,3,0.667,0.75,41,2,2,0
"DAL","C.Lamb","WR",8,2,0.267,0.4,5,2,44,16,1,0,0.056,0,0,0,1,0
"DAL","G.Pickens","WR",6,0,0.2,0,3,0,28,0,0,0,0,0,0,0,0,0
"DAL","R.Flournoy","WR",4,0,0.133,0,2,0,22,0,0,0,0,0,0,0,0,0
"DAL","J.Ferguson","TE",2,1,0.067,0.2,2,1,6,0,0,0,0,0,0,0,0,0
"DAL","B.Spann-Ford","TE",2,0,0.067,0,2,0,14,0,0,0,0,0,0,0,0,0
"DAL","D.Prescott","QB",0,0,0,0,0,0,0,0,2,0,0.111,0,14,0,0,0
"DAL","E.Demercado","RB",0,0,0,0,0,0,0,0,2,1,0.111,0.25,7,3,0,0
"DAL","K.Turpin","WR",1,0,0.033,0,1,0,8,0,0,0,0,0,0,0,0,0
"DAL","L.Schoonmaker","TE",1,0,0.033,0,1,0,12,0,0,0,0,0,0,0,0,0
"DAL","J.Mingo","WR",1,0,0.033,0,1,0,10,0,0,0,0,0,0,0,0,0
"DAL","H.Luepke","RB",0,0,0,0,0,0,0,0,1,0,0.056,0,7,0,0,0
"DEN","J.Dobbins","RB",0,0,0,0,0,0,0,0,8,0,0.571,0,36,0,0,0
"DEN","R.Harvey","RB",4,0,0.148,0,4,0,23,0,3,0,0.214,0,18,0,0,0
"DEN","P.Bryant","WR",6,0,0.222,0,4,0,42,0,0,0,0,0,0,0,0,0
"DEN","E.Engram","TE",5,1,0.185,0.5,4,1,43,19,0,0,0,0,0,0,1,0
"DEN","C.Sutton","WR",5,1,0.185,0.5,2,1,11,6,0,0,0,0,0,0,0,0
"DEN","A.Trautman","TE",3,0,0.111,0,2,0,10,0,0,0,0,0,0,0,0,0
"DEN","J.Waddle","WR",3,0,0.111,0,1,0,2,0,0,0,0,0,0,0,0,0
"DEN","T.Franklin","WR",1,0,0.037,0,0,0,0,0,1,0,0.071,0,5,0,0,0
"DEN","B.Nix","QB",0,0,0,0,0,0,0,0,2,1,0.143,1,3,3,0,0
"DET","J.Gibbs","RB",5,0,0.128,0,5,0,30,0,29,8,0.879,0.889,156,20,2,0
"DET","A.St. Brown","WR",14,4,0.359,0.571,10,3,67,27,0,0,0,0,0,0,2,0
"DET","J.Williams","WR",9,1,0.231,0.143,4,1,45,10,0,0,0,0,0,0,0,0
"DET","S.LaPorta","TE",8,2,0.205,0.286,5,1,48,7,0,0,0,0,0,0,0,0
"DET","S.Vaki","RB",1,0,0.026,0,1,0,11,0,2,1,0.061,0.111,7,4,0,0
"DET","J.Goff","QB",0,0,0,0,0,0,0,0,2,0,0.061,0,2,0,0,0
"DET","B.Wright","TE",1,0,0.026,0,1,0,5,0,0,0,0,0,0,0,0,0
"DET","I.TeSlaa","WR",1,0,0.026,0,0,0,0,0,0,0,0,0,0,0,0,0
"GB","M.Lloyd","RB",1,1,0.025,0.143,0,0,0,0,13,1,0.619,0.333,37,-1,0,0
"GB","M.Golden","WR",12,3,0.3,0.429,6,1,95,8,0,0,0,0,0,0,0,0
"GB","C.Watson","WR",8,1,0.2,0.143,6,1,147,2,0,0,0,0,0,0,1,1
"GB","C.Brooks","RB",1,0,0.025,0,0,0,0,0,7,1,0.333,0.333,29,5,0,0
"GB","J.Reed","WR",7,1,0.175,0.143,3,0,20,0,0,0,0,0,0,0,0,0
"GB","T.Kraft","TE",6,0,0.15,0,3,0,65,0,0,0,0,0,0,0,0,0
"GB","J.Smith","TE",3,0,0.075,0,2,0,50,0,0,0,0,0,0,0,0,0
"GB","B.Melton","WR",1,0,0.025,0,1,0,10,0,0,0,0,0,0,0,0,0
"GB","S.Moore","WR",1,1,0.025,0.143,0,0,0,0,0,0,0,0,0,0,0,0
"GB","J.Love","QB",0,0,0,0,0,0,0,0,1,1,0.048,0.333,0,0,0,0
"HOU","D.Montgomery","RB",3,1,0.081,0.25,3,1,19,7,20,5,0.625,1,60,20,3,0
"HOU","N.Collins","WR",10,2,0.27,0.5,7,1,75,12,1,0,0.031,0,7,0,1,0
"HOU","W.Marks","RB",1,0,0.027,0,1,0,-2,0,9,0,0.281,0,42,0,0,0
"HOU","D.Schultz","TE",8,0,0.216,0,4,0,35,0,0,0,0,0,0,0,0,0
"HOU","X.Hutchinson","WR",6,0,0.162,0,3,0,32,0,0,0,0,0,0,0,0,0
"HOU","F.Moreau","TE",2,0,0.054,0,2,0,15,0,0,0,0,0,0,0,0,0
"HOU","K.Boutte","WR",2,0,0.054,0,1,0,21,0,0,0,0,0,0,0,0,0
"HOU","J.Noel","WR",2,0,0.054,0,2,0,53,0,0,0,0,0,0,0,0,0
"HOU","C.Stroud","QB",0,0,0,0,0,0,0,0,2,0,0.062,0,15,0,0,0
"HOU","J.Wayne","WR",1,1,0.027,0.25,1,1,12,12,0,0,0,0,0,0,0,0
"HOU","C.Stover","TE",1,0,0.027,0,1,0,-2,0,0,0,0,0,0,0,0,0
"HOU","M.Klein","TE",1,0,0.027,0,1,0,16,0,0,0,0,0,0,0,0,0
"IND","J.Taylor","RB",4,0,0.138,0,3,0,23,0,19,5,0.95,1,98,18,2,0
"IND","K.Allen","WR",6,1,0.207,0.333,6,1,32,3,0,0,0,0,0,0,0,0
"IND","A.Pierce","WR",6,1,0.207,0.333,4,1,61,13,0,0,0,0,0,0,0,0
"IND","T.Warren","TE",5,1,0.172,0.333,3,1,13,9,0,0,0,0,0,0,1,0
"IND","J.Downs","WR",4,0,0.138,0,2,0,37,0,0,0,0,0,0,0,0,0
"IND","L.Treadwell","WR",1,0,0.034,0,0,0,0,0,0,0,0,0,0,0,0,0
"IND","A.Dulin","WR",1,0,0.034,0,0,0,0,0,0,0,0,0,0,0,0,0
"IND","A.Ogletree","TE",1,0,0.034,0,0,0,0,0,0,0,0,0,0,0,0,0
"IND","S.McGowan","RB",1,0,0.034,0,1,0,0,0,0,0,0,0,0,0,0,0
"IND","D.Jones","QB",0,0,0,0,0,0,0,0,1,0,0.05,0,4,0,0,0
"JAX","B.Tuten","RB",1,0,0.048,0,1,0,22,0,15,0,0.517,0,66,0,0,0
"JAX","P.Washington","WR",6,0,0.286,0,5,0,83,0,0,0,0,0,0,0,0,1
"JAX","C.Rodriguez","RB",0,0,0,0,0,0,0,0,6,1,0.207,1,23,5,0,0
"JAX","A.Abdullah","RB",1,0,0.048,0,1,0,0,0,4,0,0.138,0,32,0,0,0
"JAX","J.Meyers","WR",2,0,0.095,0,2,0,40,0,1,0,0.034,0,2,0,0,1
"JAX","B.Strange","TE",3,1,0.143,0.5,2,1,23,14,0,0,0,0,0,0,1,0
"JAX","Bri.Thomas","WR",3,0,0.143,0,3,0,40,0,0,0,0,0,0,0,0,0
"JAX","T.Hunter","WR",1,0,0.048,0,1,0,8,0,1,0,0.034,0,3,0,0,0
"JAX","J.Cameron","WR",2,1,0.095,0.5,2,1,20,4,0,0,0,0,0,0,1,0
"JAX","T.Lawrence","QB",0,0,0,0,0,0,0,0,2,0,0.069,0,3,0,0,0
"JAX","Q.Morris","TE",1,0,0.048,0,0,0,0,0,0,0,0,0,0,0,0,0
"JAX","N.Boerkircher","TE",1,0,0.048,0,1,0,9,0,0,0,0,0,0,0,0,0
"KC","K.Walker","RB",6,1,0.24,0.333,3,1,18,2,23,3,0.657,0.5,173,13,1,1
"KC","E.Johnson","RB",2,0,0.08,0,2,0,44,0,8,1,0.229,0.167,24,4,0,0
"KC","X.Worthy","WR",6,1,0.24,0.333,3,1,18,4,0,0,0,0,0,0,0,0
"KC","T.Kelce","TE",5,0,0.2,0,3,0,71,0,0,0,0,0,0,0,0,0
"KC","P.Mahomes","QB",0,0,0,0,0,0,0,0,4,2,0.114,0.333,27,16,1,0
"KC","R.Rice","WR",2,1,0.08,0.333,2,1,19,13,0,0,0,0,0,0,1,0
"KC","N.Gray","TE",1,0,0.04,0,1,0,5,0,0,0,0,0,0,0,0,0
"KC","T.Thornton","WR",1,0,0.04,0,0,0,0,0,0,0,0,0,0,0,0,0
"KC","J.Briningstool","TE",1,0,0.04,0,1,0,9,0,0,0,0,0,0,0,0,0
"KC","C.Allen","WR",1,0,0.04,0,0,0,0,0,0,0,0,0,0,0,0,0
"LA","K.Williams","RB",3,0,0.111,0,3,0,24,0,11,4,0.393,0.571,41,11,1,0
"LA","B.Corum","RB",0,0,0,0,0,0,0,0,10,0,0.357,0,54,0,0,0
"LA","P.Nacua","WR",9,1,0.333,0.5,5,1,74,1,0,0,0,0,0,0,0,0
"LA","D.Adams","WR",6,0,0.222,0,3,0,26,0,0,0,0,0,0,0,0,0
"LA","R.Rivers","RB",1,0,0.037,0,1,0,5,0,5,2,0.179,0.286,19,6,0,0
"LA","T.Higbee","TE",2,0,0.074,0,2,0,12,0,0,0,0,0,0,0,0,0
"LA","C.Parkinson","TE",2,1,0.074,0.5,1,1,6,6,0,0,0,0,0,0,0,0
"LA","D.Allen","TE",1,0,0.037,0,1,0,13,0,0,0,0,0,0,0,0,0
"LA","J.Whittington","WR",1,0,0.037,0,1,0,8,0,0,0,0,0,0,0,0,0
"LA","K.Mumpfield","WR",1,0,0.037,0,0,0,0,0,0,0,0,0,0,0,0,0
"LA","T.Ferguson","TE",1,0,0.037,0,0,0,0,0,0,0,0,0,0,0,0,0
"LA","M.Stafford","QB",0,0,0,0,0,0,0,0,1,1,0.036,0.143,0,0,0,0
"LA","S.Bennett","QB",0,0,0,0,0,0,0,0,1,0,0.036,0,9,0,0,0
"LAC","O.Hampton","RB",0,0,0,0,0,0,0,0,12,2,0.571,0.286,43,10,1,0
"LAC","L.McConkey","WR",7,2,0.259,0.667,5,1,82,8,0,0,0,0,0,0,1,0
"LAC","Q.Johnston","WR",6,0,0.222,0,2,0,17,0,0,0,0,0,0,0,0,0
"LAC","T.Harris","WR",6,0,0.222,0,3,0,20,0,0,0,0,0,0,0,0,0
"LAC","D.Njoku","TE",5,1,0.185,0.333,5,1,58,6,0,0,0,0,0,0,0,0
"LAC","J.Herbert","QB",0,0,0,0,0,0,0,0,5,3,0.238,0.429,29,14,0,0
"LAC","K.Mitchell","RB",0,0,0,0,0,0,0,0,4,2,0.19,0.286,9,-1,0,0
"LAC","O.Gadsden","TE",2,0,0.074,0,2,0,32,0,0,0,0,0,0,0,0,0
"LAC","D.Davis","WR",1,0,0.037,0,0,0,0,0,0,0,0,0,0,0,0,0
"LV","A.Jeanty","RB",6,4,0.207,0.5,6,4,45,32,23,3,0.676,0.75,102,10,2,0
"LV","M.Mayer","TE",7,1,0.241,0.125,6,0,32,0,0,0,0,0,0,0,0,0
"LV","M.Washington","RB",0,0,0,0,0,0,0,0,7,1,0.206,0.25,41,-1,0,0
"LV","J.Nailor","WR",5,0,0.172,0,3,0,27,0,0,0,0,0,0,0,0,0
"LV","T.Tucker","WR",4,1,0.138,0.125,2,0,27,0,0,0,0,0,0,0,0,0
"LV","J.Bech","WR",4,2,0.138,0.25,3,2,23,18,0,0,0,0,0,0,1,0
"LV","M.Benson","WR",2,0,0.069,0,1,0,6,0,1,0,0.029,0,-8,0,0,0
"LV","K.Cousins","QB",0,0,0,0,0,0,0,0,2,0,0.059,0,0,0,0,0
"LV","C.White","WR",1,0,0.034,0,0,0,0,0,0,0,0,0,0,0,0,0
"LV","C.Heyward","RB",0,0,0,0,0,0,0,0,1,0,0.029,0,1,0,0,0
"MIA","D.Achane","RB",5,0,0.185,NA,4,0,30,0,11,3,0.611,0.75,36,10,0,0
"MIA","M.Washington","WR",8,0,0.296,NA,3,0,53,0,0,0,0,0,0,0,0,0
"MIA","C.Douglas","WR",7,0,0.259,NA,5,0,94,0,0,0,0,0,0,0,0,0
"MIA","M.Willis","QB",0,0,0,NA,0,0,0,0,6,1,0.333,0.25,39,14,1,0
"MIA","G.Dulcich","TE",2,0,0.074,NA,2,0,18,0,0,0,0,0,0,0,0,0
"MIA","C.Bell","WR",2,0,0.074,NA,1,0,25,0,0,0,0,0,0,0,0,0
"MIA","K.Coleman","WR",2,0,0.074,NA,0,0,0,0,0,0,0,0,0,0,0,0
"MIA","W.Kacmarek","TE",1,0,0.037,NA,0,0,0,0,0,0,0,0,0,0,0,0
"MIA","J.Wright","RB",0,0,0,NA,0,0,0,0,1,0,0.056,0,-1,0,0,0
"MIN","J.Mason","RB",0,0,0,0,0,0,0,0,15,4,0.484,0.5,59,4,1,0
"MIN","A.Jones","RB",1,0,0.042,0,0,0,0,0,12,4,0.387,0.5,40,8,1,0
"MIN","J.Jefferson","WR",10,3,0.417,0.5,8,2,92,14,0,0,0,0,0,0,1,1
"MIN","T.Hockenson","TE",5,2,0.208,0.333,4,1,36,16,0,0,0,0,0,0,1,0
"MIN","J.Oliver","TE",4,0,0.167,0,2,0,22,0,0,0,0,0,0,0,0,0
"MIN","J.Addison","WR",2,1,0.083,0.167,0,0,0,0,0,0,0,0,0,0,0,0
"MIN","C.Wentz","QB",0,0,0,0,0,0,0,0,2,0,0.065,0,2,0,0,0
"MIN","K.Murray","QB",0,0,0,0,0,0,0,0,2,0,0.065,0,9,0,0,0
"MIN","J.Jennings","WR",1,0,0.042,0,0,0,0,0,0,0,0,0,0,0,0,0
"MIN","D.Dallas","RB",1,0,0.042,0,1,0,1,0,0,0,0,0,0,0,0,0
"NE","R.Stevenson","RB",6,0,0.194,0,5,0,44,0,18,0,0.581,NA,51,0,0,0
"NE","D.Douglas","WR",7,0,0.226,0,5,0,20,0,0,0,0,NA,0,0,0,0
"NE","D.Maye","QB",0,0,0,0,0,0,0,0,7,0,0.226,NA,47,0,0,0
"NE","C.Kiner","RB",0,0,0,0,0,0,0,0,6,0,0.194,NA,11,0,0,0
"NE","M.Hollins","WR",5,1,0.161,0.5,4,0,51,0,0,0,0,NA,0,0,0,0
"NE","A.Brown","WR",4,0,0.129,0,3,0,26,0,0,0,0,NA,0,0,0,0
"NE","H.Henry","TE",3,0,0.097,0,3,0,26,0,0,0,0,NA,0,0,0,0
"NE","R.Doubs","WR",3,0,0.097,0,0,0,0,0,0,0,0,NA,0,0,0,0
"NE","L.Larison","RB",2,0,0.065,0,2,0,9,0,0,0,0,NA,0,0,0,0
"NE","E.Raridon","TE",1,1,0.032,0.5,1,1,2,2,0,0,0,NA,0,0,1,0
"NO","T.Etienne","RB",9,2,0.17,0.222,7,2,32,7,9,1,0.36,0.25,46,7,0,0
"NO","C.Olave","WR",13,1,0.245,0.111,10,1,182,9,0,0,0,0,0,0,0,0
"NO","D.Vele","WR",9,1,0.17,0.111,7,1,69,1,0,0,0,0,0,0,1,0
"NO","K.Miller","RB",0,0,0,0,0,0,0,0,9,2,0.36,0.5,30,7,1,0
"NO","N.Fant","TE",8,1,0.151,0.111,4,1,33,8,0,0,0,0,0,0,1,0
"NO","J.Johnson","TE",7,3,0.132,0.333,3,1,54,9,0,0,0,0,0,0,1,0
"NO","B.Lance","WR",5,1,0.094,0.111,3,0,42,0,0,0,0,0,0,0,0,0
"NO","C.Donaldson","RB",2,0,0.038,0,1,0,-2,0,2,0,0.08,0,4,0,0,0
"NO","T.Shough","QB",0,0,0,0,0,0,0,0,4,1,0.16,0.25,8,1,0,0
"NO","B.Brown","WR",0,0,0,0,0,0,0,0,1,0,0.04,0,3,0,0,0
"NYG","C.Skattebo","RB",0,0,0,0,0,0,0,0,18,4,0.529,0.8,81,9,1,0
"NYG","D.Singletary","RB",4,2,0.138,0.286,4,2,22,16,6,1,0.176,0.2,16,3,1,0
"NYG","M.Nabers","WR",9,1,0.31,0.143,6,1,69,13,0,0,0,0,0,0,0,0
"NYG","I.Likely","TE",8,4,0.276,0.571,8,4,78,35,0,0,0,0,0,0,2,0
"NYG","J.Dart","QB",0,0,0,0,0,0,0,0,8,0,0.235,0,59,0,0,0
"NYG","M.Fields","WR",4,0,0.138,0,2,0,25,0,0,0,0,0,0,0,0,0
"NYG","D.Mooney","WR",2,0,0.069,0,2,0,27,0,0,0,0,0,0,0,0,0
"NYG","T.Tracy","RB",0,0,0,0,0,0,0,0,2,0,0.059,0,14,0,0,0
"NYG","P.Ricard","RB",1,0,0.034,0,0,0,0,0,0,0,0,0,0,0,0,0
"NYG","T.Johnson","TE",1,0,0.034,0,1,0,9,0,0,0,0,0,0,0,0,0
"NYJ","B.Hall","RB",2,0,0.087,0,2,0,16,0,22,4,0.611,0.667,102,14,1,0
"NYJ","B.Allen","RB",1,1,0.043,1,0,0,0,0,10,0,0.278,0,40,0,0,0
"NYJ","G.Wilson","WR",7,0,0.304,0,6,0,79,0,0,0,0,0,0,0,0,0
"NYJ","K.Sadiq","TE",3,0,0.13,0,3,0,21,0,1,1,0.028,0.167,3,3,1,0
"NYJ","A.Mitchell","WR",3,0,0.13,0,3,0,60,0,0,0,0,0,0,0,0,0
"NYJ","M.Taylor","TE",3,0,0.13,0,2,0,-2,0,0,0,0,0,0,0,0,0
"NYJ","G.Smith","QB",0,0,0,0,0,0,0,0,3,1,0.083,0.167,10,7,0,0
"NYJ","J.Ruckert","TE",1,0,0.043,0,1,0,4,0,0,0,0,0,0,0,0,0
"NYJ","I.Williams","WR",1,0,0.043,0,1,0,7,0,0,0,0,0,0,0,0,0
"NYJ","A.Smith","WR",1,0,0.043,0,0,0,0,0,0,0,0,0,0,0,0,0
"NYJ","O.Cooper","WR",1,0,0.043,0,1,0,30,0,0,0,0,0,0,0,0,0
"PHI","S.Barkley","RB",2,0,0.091,0,1,0,-3,0,15,2,0.652,0.667,83,-1,0,0
"PHI","D.Smith","WR",6,0,0.273,0,3,0,53,0,0,0,0,0,0,0,0,0
"PHI","D.Goedert","TE",5,2,0.227,0.667,4,1,77,17,0,0,0,0,0,0,1,1
"PHI","J.Hurts","QB",0,0,0,0,0,0,0,0,5,0,0.217,0,48,0,0,0
"PHI","D.Wicks","WR",4,1,0.182,0.333,2,1,73,9,0,0,0,0,0,0,1,0
"PHI","M.Lemon","WR",4,0,0.182,0,3,0,-5,0,0,0,0,0,0,0,0,0
"PHI","W.Shipley","RB",1,0,0.045,0,1,0,8,0,2,0,0.087,0,4,0,0,0
"PHI","T.Bigsby","RB",0,0,0,0,0,0,0,0,1,1,0.043,0.333,3,3,0,0
"PIT","J.Warren","RB",6,2,0.162,0.5,5,1,27,7,10,0,0.556,0,46,0,0,0
"PIT","R.Dowdle","RB",5,0,0.135,0,2,0,6,0,8,1,0.444,1,15,3,0,0
"PIT","D.Metcalf","WR",10,0,0.27,0,4,0,40,0,0,0,0,0,0,0,0,0
"PIT","R.Wilson","WR",6,0,0.162,0,3,0,26,0,0,0,0,0,0,0,0,0
"PIT","P.Freiermuth","TE",5,2,0.135,0.5,5,2,46,8,0,0,0,0,0,0,1,0
"PIT","M.Pittman","WR",3,0,0.081,0,3,0,58,0,0,0,0,0,0,0,0,0
"PIT","D.Washington","TE",2,0,0.054,0,2,0,18,0,0,0,0,0,0,0,0,0
"SEA","J.Price","RB",2,0,0.083,0,2,0,6,0,10,0,0.476,0,52,0,0,0
"SEA","J.Smith-Njigba","WR",11,3,0.458,1,8,0,122,0,0,0,0,0,0,0,0,1
"SEA","G.Holani","RB",1,0,0.042,0,0,0,0,0,8,2,0.381,0.667,29,6,0,0
"SEA","C.Kupp","WR",3,0,0.125,0,2,0,35,0,0,0,0,0,0,0,0,0
"SEA","R.Shaheed","WR",3,0,0.125,0,1,0,4,0,0,0,0,0,0,0,0,0
"SEA","B.Russell","RB",2,0,0.083,0,2,0,20,0,0,0,0,0,0,0,0,0
"SEA","A.Barner","TE",2,0,0.083,0,2,0,13,0,0,0,0,0,0,0,0,0
"SEA","E.Wilson","RB",0,0,0,0,0,0,0,0,2,0,0.095,0,3,0,0,0
"SEA","D.Lock","QB",0,0,0,0,0,0,0,0,1,1,0.048,0.333,14,14,0,0
"SF","C.McCaffrey","RB",8,0,0.235,0,5,0,20,0,10,2,0.333,1,68,3,0,0
"SF","K.Black","RB",1,0,0.029,0,1,0,5,0,14,0,0.467,0,65,0,0,0
"SF","D.Samuel","WR",7,3,0.206,0.375,6,3,48,20,1,0,0.033,0,12,0,1,0
"SF","M.Evans","WR",7,2,0.206,0.25,6,2,49,10,0,0,0,0,0,0,1,0
"SF","G.Kittle","TE",5,1,0.147,0.125,2,1,12,6,0,0,0,0,0,0,0,0
"SF","B.Purdy","QB",0,0,0,0,0,0,0,0,5,0,0.167,0,29,0,0,0
"SF","D.Robinson","WR",3,2,0.088,0.25,2,1,50,11,0,0,0,0,0,0,0,1
"SF","L.Farrell","TE",2,0,0.059,0,2,0,19,0,0,0,0,0,0,0,0,0
"SF","J.Brendel","OL",1,0,0.029,0,1,0,2,0,0,0,0,0,0,0,0,0
"TB","B.Irving","RB",7,0,0.259,0,7,0,48,0,8,2,0.421,0.4,45,13,1,0
"TB","K.Gainwell","RB",1,0,0.037,0,1,0,3,0,5,0,0.263,0,15,0,0,0
"TB","E.Egbuka","WR",6,0,0.222,0,5,0,63,0,0,0,0,0,0,0,0,0
"TB","C.Godwin","WR",4,0,0.148,0,4,0,40,0,1,0,0.053,0,3,0,0,0
"TB","C.Otton","TE",5,2,0.185,0.667,3,2,26,13,0,0,0,0,0,0,0,0
"TB","B.Mayfield","QB",0,0,0,0,0,0,0,0,4,3,0.211,0.6,31,25,1,0
"TB","T.Hurst","WR",3,0,0.111,0,3,0,36,0,0,0,0,0,0,0,0,0
"TB","T.Johnson","WR",1,1,0.037,0.333,0,0,0,0,1,0,0.053,0,-4,0,0,0
"TEN","T.Pollard","RB",2,0,0.071,0,1,0,-1,0,7,0,0.5,NA,35,0,0,0
"TEN","T.Spears","RB",4,0,0.143,0,2,0,12,0,3,0,0.214,NA,12,0,0,0
"TEN","W.Robinson","WR",6,0,0.214,0,5,0,38,0,0,0,0,NA,0,0,0,0
"TEN","C.Tate","WR",6,0,0.214,0,4,0,38,0,0,0,0,NA,0,0,0,0
"TEN","G.Helm","TE",5,1,0.179,0.333,4,0,28,0,0,0,0,NA,0,0,0,0
"TEN","C.Ward","QB",0,0,0,0,0,0,0,0,4,0,0.286,NA,21,0,0,0
"TEN","E.Ayomanor","WR",3,2,0.107,0.667,1,1,11,11,0,0,0,NA,0,0,1,0
"TEN","D.Bellinger","TE",1,0,0.036,0,1,0,7,0,0,0,0,NA,0,0,0,0
"TEN","C.Dike","WR",1,0,0.036,0,1,0,7,0,0,0,0,NA,0,0,0,0
"WAS","J.Croskey-Merritt","RB",1,0,0.033,0,1,0,-7,0,16,1,0.5,0.143,63,1,1,0
"WAS","S.Diggs","WR",9,1,0.3,0.143,4,1,55,10,0,0,0,0,0,0,1,0
"WAS","R.White","RB",2,1,0.067,0.143,2,1,5,2,7,1,0.219,0.143,22,2,0,0
"WAS","J.Daniels","QB",0,0,0,0,0,0,0,0,5,2,0.156,0.286,31,2,0,0
"WAS","T.McLaurin","WR",4,1,0.133,0.143,2,1,14,6,0,0,0,0,0,0,0,0
"WAS","J.Bates","TE",4,2,0.133,0.286,2,0,13,0,0,0,0,0,0,0,0,0
"WAS","A.Williams","WR",4,2,0.133,0.286,4,2,64,17,0,0,0,0,0,0,1,0
"WAS","K.Allen","RB",0,0,0,0,0,0,0,0,4,3,0.125,0.429,16,11,0,0
"WAS","C.Okonkwo","TE",3,0,0.1,0,2,0,16,0,0,0,0,0,0,0,0,0
"WAS","D.Brown","WR",2,0,0.067,0,0,0,0,0,0,0,0,0,0,0,0,0
"WAS","J.Lane","WR",1,0,0.033,0,1,0,4,0,0,0,0,0,0,0,0,0
